"file","line","control","label","destination_or_action","type","name"
"app/(commerce)/cuenta/page.tsx","118","Link","<Button asChild size=""lg"" variant=""outli","accessDestination.href","",""
"app/(commerce)/cuenta/page.tsx","124","Link","Crear otro acceso <SignOutButton className=""h-11 w-full justi","/registro","",""
"app/(commerce)/portal/bitacora/page.tsx","64","Link","Todas href={`/portal/bitacora?fecha=","/portal/bitacora","",""
"app/(commerce)/portal/bitacora/page.tsx","68","Link",").format(new Date(`$ T12:00:00`))} {n","`/portal/bitacora?fecha=${day","",""
"app/(commerce)/portal/commons/[channelId]/[postId]/page.tsx","17","Link",": ; } export default async function ForumPostPage( : ) { const { c","`/portal/profesionales/${author.terraqoProfessionalProfile.id","",""
"app/(commerce)/portal/commons/[channelId]/[postId]/page.tsx","28","Link","Commons / /","/portal/commons","",""
"app/(commerce)/portal/commons/[channelId]/[postId]/page.tsx","28","Link","/ <main className=""space-y","`/portal/commons/${channel.id","",""
"app/(commerce)/portal/commons/[channelId]/[postId]/page.tsx","49","form","Enviar mensaje privado :","messageAction","",""
"app/(commerce)/portal/commons/[channelId]/[postId]/page.tsx","49","input","recipientUserId","","hidden","recipientUserId"
"app/(commerce)/portal/commons/[channelId]/[postId]/page.tsx","49","input","workspaceId","","hidden","workspaceId"
"app/(commerce)/portal/commons/[channelId]/[postId]/page.tsx","49","Link","Abrir Mensajes } Canal: <span className=""mt-2 bloc","/portal/mensajes","",""
"app/(commerce)/portal/commons/[channelId]/page.tsx","21","Link","Commons / <PortalPageHeading eyebrow={channel.workspace?.brandName || channel.workspace?.name || ""Te","/portal/commons","",""
"app/(commerce)/portal/commons/[channelId]/page.tsx","34","Link","<div className=""flex flex-wrap items-center gap-2 text-xs font-bold uppercase trac","`/portal/commons/${channel.id","",""
"app/(commerce)/portal/commons/[channelId]/page.tsx","55","Link","Continuar en privado ); }","/portal/mensajes","",""
"app/(commerce)/portal/commons/page.tsx","50","Link","","`/portal/empresas/${company.slug","",""
"app/(commerce)/portal/commons/page.tsx","61","Link","<","`/portal/commons/${channel.id","",""
"app/(commerce)/portal/configuracion/page.tsx","111","form","<UserRound className=""h","updateProfessionalSettingsAction","",""
"app/(commerce)/portal/configuracion/page.tsx","121","Link","Ver CV público ) : null}","publicCvHref","",""
"app/(commerce)/portal/configuracion/page.tsx","153","select","socialPlatform","","","socialPlatform"
"app/(commerce)/portal/configuracion/page.tsx","165","select","socialVisibility","","","socialVisibility"
"app/(commerce)/portal/configuracion/page.tsx","184","select","featuredCurrentExperienceId","","","featuredCurrentExperienceId"
"app/(commerce)/portal/configuracion/page.tsx","233","select","messagePrivacy","","","messagePrivacy"
"app/(commerce)/portal/configuracion/page.tsx","241","input","friendDiscoveryEnabled","","checkbox","friendDiscoveryEnabled"
"app/(commerce)/portal/empresas/[slug]/page.tsx","41","a","Visitar sitio : null} <Metric icon= value= label=""Proyectos pub","`https://${workspace.domain","",""
"app/(commerce)/portal/empresas/[slug]/page.tsx","47","Link","Ver oportunidad )} : null} {affiliations.length ? Equipo visi","/portal/oportunidades","",""
"app/(commerce)/portal/empresas/[slug]/page.tsx","49","Link","{affiliation.roleT","`/portal/profesionales/${affiliation.professionalProfileId","",""
"app/(commerce)/portal/equipos/[teamId]/page.tsx","27","Link","Volver a equipos <PortalPageHeading eyebrow= / Equipo privado`} title= description= action={isActive","/portal/equipos","",""
"app/(commerce)/portal/equipos/[teamId]/page.tsx","28","Link","Abrir sala : undefined} /> {ownMembership?.status === ""INVITED"" ? ( <section className=""grid gap-6 r","`/portal/mensajes?conversation=${team.conversationId","",""
"app/(commerce)/portal/equipos/page.tsx","29","Link","<span className={`rounded-md px-2 py-1 text-[11px] font-bold uppercase ${ownMembership?.status === ""","`/portal/equipos/${team.id","",""
"app/(commerce)/portal/experiencias/page.tsx","122","form","<button type=""submit"" className=""rounded-md border border-primary/30 px-3 py-1.5 text-xs font-bold t","requestExperienceVerificationAction","",""
"app/(commerce)/portal/experiencias/page.tsx","123","input","experienceId","","hidden","experienceId"
"app/(commerce)/portal/experiencias/page.tsx","124","button","Pedir validacion Terraqo ) : null} {[""NOT_REQUESTED"", ""REJECTED""].includes(expe","","submit",""
"app/(commerce)/portal/experiencias/page.tsx","177","form","<button type=""submit"" className=""rounded-md border border-primary/30 px-3 py-1.5 text-xs font-bold t","requestEducationVerificationAction","",""
"app/(commerce)/portal/experiencias/page.tsx","178","input","educationId","","hidden","educationId"
"app/(commerce)/portal/experiencias/page.tsx","179","button","Pedir validacion Terraqo ) : null} {[""NOT_REQUESTED"", ""REJECTED""].includes(item.verificat","","submit",""
"app/(commerce)/portal/operaciones/page.tsx","109","Link","Enviar mensaje Solicitar soporte</Link","/portal/mensajes","",""
"app/(commerce)/portal/operaciones/page.tsx","110","Link","Solicitar soporte Pedidos de tienda t","/portal/operaciones#tickets","",""
"app/(commerce)/portal/operaciones/page.tsx","161","Link","Ver detalle : null} Descargar PDF {quote.","`/cotizaciones/${quote.publicToken","",""
"app/(commerce)/portal/operaciones/page.tsx","162","Link","Descargar PDF {quote.publicToken ? ( <>","`/api/quotes/${quote.id","",""
"app/(commerce)/portal/operaciones/page.tsx","165","form","","respondPublicQuoteFromFormAction.bind(null, quote.publicToken)","",""
"app/(commerce)/portal/operaciones/page.tsx","166","input","status","","hidden","status"
"app/(commerce)/portal/operaciones/page.tsx","167","input","redirectTo","","hidden","redirectTo"
"app/(commerce)/portal/operaciones/page.tsx","170","form","","respondPublicQuoteFromFormAction.bind(null, quote.publicToken)","",""
"app/(commerce)/portal/operaciones/page.tsx","171","input","status","","hidden","status"
"app/(commerce)/portal/operaciones/page.tsx","172","input","redirectTo","","hidden","redirectTo"
"app/(commerce)/portal/operaciones/page.tsx","236","Link","))} {!client.document","document.url","",""
"app/(commerce)/portal/oportunidades/page.tsx","46","Link",": null}","`/portal/empresas/${job.workspace.slug","",""
"app/(commerce)/portal/page.tsx","260","Link","Contactar a ICC ); } return ( {params.success && successMe","/contacto","",""
"app/(commerce)/portal/page.tsx","302","form","<Input name=""do","updateClientProfileAction","",""
"app/(commerce)/portal/page.tsx","363","Link","Ver detalle : null} Descargar PDF {quote.pu","`/cotizaciones/${quote.publicToken","",""
"app/(commerce)/portal/page.tsx","364","Link","Descargar PDF {quote.publicToken ? ( <>","`/api/quotes/${quote.id","",""
"app/(commerce)/portal/page.tsx","367","form","<S","respondPublicQuoteFromFormAction.bind(null, quote.publicToken)","",""
"app/(commerce)/portal/page.tsx","368","input","status","","hidden","status"
"app/(commerce)/portal/page.tsx","369","input","redirectTo","","hidden","redirectTo"
"app/(commerce)/portal/page.tsx","372","form","<S","respondPublicQuoteFromFormAction.bind(null, quote.publicToken)","",""
"app/(commerce)/portal/page.tsx","373","input","status","","hidden","status"
"app/(commerce)/portal/page.tsx","374","input","redirectTo","","hidden","redirectTo"
"app/(commerce)/portal/page.tsx","392","form","{ticketCategories.map(([","createCustomerTicketAction","",""
"app/(commerce)/portal/page.tsx","394","select","category","","","category"
"app/(commerce)/portal/page.tsx","397","select","priority","","","priority"
"app/(commerce)/portal/page.tsx","434","form","Enviar","replyCustomerTicketAction.bind(null, ticket.id)","",""
"app/(commerce)/portal/page.tsx","480","Link","))} {!client.documents.le","document.url","",""
"app/(commerce)/portal/perfil/page.tsx","34","Link","Ver CV público : null} />","publicCvHref","",""
"app/(commerce)/portal/perfil/page.tsx","50","Link","Editar perfil Completar documentos","/portal/configuracion","",""
"app/(commerce)/portal/perfil/page.tsx","51","Link","Completar documentos <Shi","/portal/documentos","",""
"app/(commerce)/portal/profesionales/[id]/page.tsx","72","Link","Editar desde mi resumen : null} <h2 className=""font","/portal","",""
"app/(commerce)/portal/profesionales/[id]/page.tsx","78","Link","</","`/portal/empresas/${affiliation.workspace.slug","",""
"app/(commerce)/portal/workspace/page.tsx","194","form","Marca visible <Input name=""brandName"" defaultValue={work","updateWorkspaceBrandAction","",""
"app/(commerce)/registro/page.tsx","46","Link","Ya tengo cuenta ); }","/cuenta","",""
"app/(site)/blog/page.tsx","48","Link","<div className=""absolute inset-0 opacity-40 [background-image:linear-gradient(rgba(36,200,238,0.16)_","`/blog/${featured.slug","",""
"app/(site)/blog/page.tsx","69","Link","<div className=""mb-3 flex","`/blog/${post.slug","",""
"app/(site)/cotizaciones/[token]/page.tsx","109","Link","Descargar PDF <form action= cla","`/api/quotes/${quote.id","",""
"app/(site)/cotizaciones/[token]/page.tsx","114","form","Aceptar cotiz","respondPublicQuoteFromFormAction.bind(null, token)","",""
"app/(site)/cotizaciones/[token]/page.tsx","115","input","status","","hidden","status"
"app/(site)/cotizaciones/[token]/page.tsx","121","form","","respondPublicQuoteFromFormAction.bind(null, token)","",""
"app/(site)/cotizaciones/[token]/page.tsx","122","input","status","","hidden","status"
"app/(site)/empresas/[slug]/page.tsx","184","Link","← Volver a explorar empresas <section className=""mt-6 grid overflow-hidden rounded-[24px] border bor","/empresas","",""
"app/(site)/empresas/[slug]/page.tsx","206","Link","Contactar empresa <Link href= `} className=""inline-flex h-12 items-center justify-center rounded-md ","/cuenta","",""
"app/(site)/empresas/[slug]/page.tsx","207","Link","Solicitar cotización target=""_blank"" className=""inline-flex h-12 items-center justify-center rounded","`/cuenta?intent=quote&company=${encodeURIComponent(slug)","",""
"app/(site)/empresas/[slug]/page.tsx","208","Link","Visitar sitio web : null} {profile.heroImageUrl ? <Image src={profi","domainHref","",""
"app/(site)/empresas/[slug]/page.tsx","221","Link","Terraqo verified Empres","`/empresas/${slug","",""
"app/(site)/empresas/[slug]/page.tsx","251","Link","Ver más → )} <h2 classNam","opportunity.slug ? `/oportunidades/${opportunity.slug","",""
"app/(site)/empresas/[slug]/page.tsx","256","Link","Enviar interés → {differentiators.slice(0, 3).map((item) => { const part=se","/cuenta","",""
"app/(site)/empresas/[slug]/page.tsx","277","Link","→ : null} ); } type PublicServicePreview = { id: string; slug: string; title: string; summary: strin","actionHref","",""
"app/(site)/empresas/[slug]/page.tsx","288","Link","alt= fill sizes=""240px"" className=""object-cover transition durati","href","",""
"app/(site)/empresas/[slug]/page.tsx","310","Link","{project.category ? <span className=""a","`/proyectos/${project.slug","",""
"app/(site)/empresas/[slug]/page.tsx","321","Link","<TerraqoLogo src= variant=""mar","/","",""
"app/(site)/empresas/[slug]/page.tsx","328","a","Servicios Sectores Diferenciales Contacto <Link href=""/cuenta"" className=""hidden h-10","#servicios","",""
"app/(site)/empresas/[slug]/page.tsx","329","a","Sectores Diferenciales Contacto <Link href=""/cuenta"" className=""hidden h-10 items-center rounded-md ","#sectores","",""
"app/(site)/empresas/[slug]/page.tsx","330","a","Diferenciales Contacto <Link href=""/cuenta"" className=""hidden h-10 items-center rounded-md px-4 text","#diferenciales","",""
"app/(site)/empresas/[slug]/page.tsx","331","a","Contacto Solicita","#contacto","",""
"app/(site)/empresas/[slug]/page.tsx","333","Link","Solicitar acceso ); } function BrandMark( : ) { return ( <div className=","/cuenta","",""
"app/(site)/empresas/[slug]/page.tsx","490","Link",": null} ); } function ContactRow( : ) { return <p className=""flex","domainHref","",""
"app/(site)/empresas/[slug]/verificacion/page.tsx","32","Link","← Volver al perfil de empresa <div className=""p-8 text-wh","`/empresas/${slug","",""
"app/(site)/nosotros/page.tsx","110","Link","Solicitar evaluacion <Button asChild size=""lg"" variant=""outline"" className=""border-white/30 bg-white","/cotizacion","",""
"app/(site)/nosotros/page.tsx","113","Link","Ver servicios","/servicios","",""
"app/(site)/nosotros/page.tsx","155","a","Ver brochure historico A&amp;B {operatingStandard.credentia","brand.legacyBrochure","",""
"app/(site)/nosotros/page.tsx","176","Link","","`/servicios/${service.slug","",""
"app/(site)/page.tsx","56","Link","Empezar en Terraqo Conocer la plataforma <div className=""tq-hero-proof"" aria-lab","/registro","",""
"app/(site)/page.tsx","57","Link","Conocer la plataforma Modulos activables <Check","#plataforma","",""
"app/(site)/page.tsx","115","Link","Diseñar mi workspace Para profesionales Una","#demo","",""
"app/(site)/page.tsx","122","Link","Crear perfil profesional <div className=""tq-public-wrap tq-module-layout""","/registro","",""
"app/(site)/page.tsx","217","Link","Crear una cuenta Solicitar una demo","/registro","",""
"app/(site)/page.tsx","218","a","Solicitar una demo ); }","mailto:hola@terraqo.com?subject=Quiero%20conocer%20Terraqo","",""
"app/(site)/proyectos/[slug]/page.tsx","106","Link","Cotizar proyecto similar <section class","`/cotizacion?context=proyecto:${project.slug","",""
"app/(site)/proyectos/[slug]/page.tsx","208","Link","Solicitar evaluacion","`/cotizacion?context=proyecto:${project.slug","",""
"app/(site)/proyectos/[slug]/page.tsx","320","Link","Abrir mapa ); } function statusBadgeClass(status: string) { if (status === ""IN_PROGRESS"") { return ""","mapsUrl","",""
"app/(site)/proyectos/page.tsx","129","Link","Limpiar filtros ) : null} <div className=""mt-10 grid overflow-hid","/proyectos","",""
"app/(site)/proyectos/page.tsx","146","Link","<article className={isFeaturedCard ? ""icc-panel-depth grid h-full overflow-hidden bg-[#061827] trans","project.slug ? `/proyectos/${project.slug","",""
"app/(site)/proyectos/page.tsx","229","Link","Conversar con ICC ); } function parseProjectResults(metric: string) { const normalized = metric.repl","/contacto","",""
"app/(site)/proyectos/page.tsx","310","Link","Cotizar proyecto","/cotizacion","",""
"app/(site)/proyectos/page.tsx","313","Link","Ver servicios <div className=""icc-glass relative overflow-hidden rounded-lg border","/servicios","",""
"app/(site)/proyectos/page.tsx","372","Link","); })} ); } function Pagination( :","href","",""
"app/(site)/proyectos/page.tsx","397","Link","Anterior {pages.map((page) => ( <Link","projectsHref({ ...params, pagina: Math.max(1, currentPage - 1) ","",""
"app/(site)/proyectos/page.tsx","407","Link","))} <Link href={projectsHref({ ...params, pagina: Math.min(tota","projectsHref({ ...params, pagina: page ","",""
"app/(site)/proyectos/page.tsx","417","Link","Siguiente ); }","projectsHref({ ...params, pagina: Math.min(totalPages, currentPage + 1) ","",""
"app/(site)/sectores/page.tsx","135","Link","Cotizar proyecto <Button asChild size=""lg"" variant=""outline"" className=""border-white/30 bg-white/[0.","/cotizacion","",""
"app/(site)/sectores/page.tsx","138","Link","Ver servicios <p c","/servicios","",""
"app/(site)/sectores/page.tsx","189","Link","<span className=""block text-xs font-semibold uppercase tracking-[0.16em] text-[#7DE4","`/servicios/${service.slug","",""
"app/(site)/sectores/page.tsx","256","Link","","`/servicios/${service.slug","",""
"app/(site)/sectores/page.tsx","263","Link","Consultar alcance ); } function HeroMetri","/cotizacion","",""
"app/(site)/servicios/[slug]/page.tsx","94","Link","Inicio / Servicios / <div className=""inline-flex rounded-full border border-[","/","",""
"app/(site)/servicios/[slug]/page.tsx","94","Link","Servicios / <div className=""inline-flex rounded-full border border-[#24C8EE]/45 bg-[#061827]/70 px-4","/servicios","",""
"app/(site)/servicios/[slug]/page.tsx","139","Link","Ver metodologia completa {inclusions.slice(0, 6).map((item) => ( <di","`/cotizacion?context=servicio:${service.slug","",""
"app/(site)/servicios/[slug]/page.tsx","195","Link","","`/proyectos/${project.slug","",""
"app/(site)/servicios/[slug]/page.tsx","201","Link","Servicio relacionado <p className=""mt-3 text-sm leading-6","`/servicios/${related.slug","",""
"app/(site)/servicios/page.tsx","97","Link","Limpiar filtros ) : null} {featuredService ?","/servicios","",""
"app/(site)/servicios/page.tsx","150","Link","<div className=""icc-image-depth rel","`/servicios/${service.slug","",""
"app/(site)/servicios/page.tsx","205","Link","<d","`/servicios/${service.slug","",""
"app/(site)/servicios/page.tsx","263","Link","))} ); } function Pagination( : { currentPage: number; totalPages: number; params: { categoria?: str","servicesHref({ ...params, [param]: item, pagina: 1 ","",""
"app/(site)/servicios/page.tsx","277","Link","Anterior ) : null} href= )} className={page === currentPage ? ""rounded-sm border border-[#24C","servicesHref({ ...params, pagina: currentPage - 1 ","",""
"app/(site)/servicios/page.tsx","282","Link","))} )} className=""rounded-sm border border-white/[0.12] bg-white/[0.05] p","servicesHref({ ...params, pagina: page ","",""
"app/(site)/servicios/page.tsx","287","Link","Siguiente ) : null} ); } function servicesHref(params: ) { const search = new URLSearchParams(); if ","servicesHref({ ...params, pagina: currentPage + 1 ","",""
"app/(site)/tienda/[slug]/page.tsx","86","a","Solicitar cotizacion <a href= `","#cotizar-producto","",""
"app/(site)/tienda/[slug]/page.tsx","89","a","Asesor tecnico <Button asChild= variant=""ghost""","`https://wa.me/${process.env.NEXT_PUBLIC_WHATSAPP_NUMBER || ","",""
"app/(site)/tienda/[slug]/page.tsx","96","a","Descargar ficha tecnica ) : ( <Download className=""h-4 w","product.technicalSheet","",""
"app/(site)/tienda/page.tsx","61","Link","Ver tienda tecnica <Button asChild size=""lg"" variant=""outline"" className=""rounded-lg b","#catalogo","",""
"app/(site)/tienda/page.tsx","67","Link","Solicitar asesoria {[""GNSS"", ""Estaciones totales"", ""LiDAR"", ""Drones""].map((tag) => (","/contacto","",""
"app/(site)/tienda/page.tsx","80","Link","<Image src= alt","`/tienda/${featured.slug","",""
"app/admin/chat-interno/page.tsx","61","form","<Button t","createInternalChannelAction","",""
"app/admin/chat-interno/page.tsx","89","form","","sendInternalMessageAction.bind(null, channel.id)","",""
"app/admin/chat-interno/page.tsx","91","select","leadId","","","leadId"
"app/admin/chat-interno/page.tsx","95","select","projectId","","","projectId"
"app/admin/chat-interno/page.tsx","99","select","ticketId","","","ticketId"
"app/admin/chat/page.tsx","114","Link","Gestionar perfiles ) : null} {conversations.length ? conv","/admin/equipo","",""
"app/admin/chat/page.tsx","154","form","Sin perfil","assignAction","",""
"app/admin/chat/page.tsx","155","select","profileId","","","profileId"
"app/admin/chat/page.tsx","168","form","Tomar chat","takeAction","",""
"app/admin/chat/page.tsx","197","form","Cerrar ) : null} {canManage ? ( <form a","closeAction","",""
"app/admin/chat/page.tsx","202","form","","deleteAction","",""
"app/admin/chatbot/page.tsx","66","form","<Input name=""category"" placeholder=""categoria"" defaultValue={question.category","reviewBotQuestionAction.bind(null, question.id)","",""
"app/admin/chatbot/page.tsx","69","select","status","","","status"
"app/admin/clientes/[id]/page.tsx","46","Link","Clientes <p className=""text-sm font-semibold uppercase tracking-[0.18em","/admin/clientes","",""
"app/admin/clientes/[id]/page.tsx","183","Link","))} href= target=""_blank"" className=""block rounded-md border p-3 text-s","document.url","",""
"app/admin/clientes/[id]/page.tsx","186","Link","))} </CardCon","document.url","",""
"app/admin/clientes/page.tsx","74","form","Aprobar acceso","approveAction","",""
"app/admin/clientes/page.tsx","77","form","Rechazar ) : (","rejectAction","",""
"app/admin/clientes/page.tsx","128","Link","Ficha 360 ))} {!clients.length ? <td c","`/admin/clientes/${client.id","",""
"app/admin/contenidos/page.tsx","153","input","isPublished","","checkbox","isPublished"
"app/admin/contenidos/page.tsx","165","input","active","","checkbox","active"
"app/admin/contenidos/page.tsx","177","input","active","","checkbox","active"
"app/admin/contenidos/page.tsx","193","input","active","","checkbox","active"
"app/admin/contenidos/page.tsx","206","input","isPublished","","checkbox","isPublished"
"app/admin/contenidos/page.tsx","223","form","{fields.map((field) => field === ""content"" || field === ""summary"" || field === ""excerpt"" || field ==","createAction","",""
"app/admin/contenidos/page.tsx","227","input","usesActiveField ? ","","checkbox","usesActiveField ? "
"app/admin/contenidos/page.tsx","252","form","<div className=""space-y-4 rounded-md border border-[#d3e1df] bg","seedServiceCatalogAction","",""
"app/admin/contenidos/page.tsx","267","form","<div","createServiceCategoryAction","",""
"app/admin/contenidos/page.tsx","284","form","</f","createServiceAction","",""
"app/admin/contenidos/page.tsx","307","form","{sectors.map((sector)","createSectorAction","",""
"app/admin/contenidos/page.tsx","335","form","<Input name=""sector"" placeholder=""Sector o industria"" /","createClientLogoAction","",""
"app/admin/contenidos/page.tsx","341","input","active","","checkbox","active"
"app/admin/contenidos/page.tsx","365","input","active","","checkbox","active"
"app/admin/contenidos/page.tsx","385","input","active","","checkbox","active"
"app/admin/contenidos/page.tsx","399","select","parentId","","","parentId"
"app/admin/contenidos/page.tsx","404","input","active","","checkbox","active"
"app/admin/contenidos/page.tsx","420","select","categoryId","","","categoryId"
"app/admin/contenidos/page.tsx","424","select","subcategoryId","","","subcategoryId"
"app/admin/contenidos/page.tsx","428","select","status","","","status"
"app/admin/contenidos/page.tsx","431","input","isFeatured","","checkbox","isFeatured"
"app/admin/contenidos/page.tsx","432","input","isPublished","","checkbox","isPublished"
"app/admin/cotizaciones/page.tsx","53","form","","createQuoteAction","",""
"app/admin/cotizaciones/page.tsx","57","select","sellerProfileId","","","sellerProfileId"
"app/admin/cotizaciones/page.tsx","61","select","leadId","","","leadId"
"app/admin/cotizaciones/page.tsx","65","select","opportunityId","","","opportunityId"
"app/admin/cotizaciones/page.tsx","72","select","productId","","","productId"
"app/admin/cotizaciones/page.tsx","126","form","val","updateQuoteStatusAction.bind(null, quote.id)","",""
"app/admin/cotizaciones/page.tsx","127","select","status","","","status"
"app/admin/cotizaciones/page.tsx","133","Link","Link cliente : null} PDF","`/cotizaciones/${quote.publicToken","",""
"app/admin/cotizaciones/page.tsx","134","Link","PDF ))} className=""p-6 text-center text-muted-fore","`/api/quotes/${quote.id","",""
"app/admin/equipo/page.tsx","129","form","Eliminar perfil ); })} </section","deleteStaffProfileAction.bind(null, profile.id)","",""
"app/admin/equipo/page.tsx","162","form","Desvincular ) : null} <form action= className=""grid gap-3 md:","unlinkStaffAccessAction.bind(null, profileId)","",""
"app/admin/equipo/page.tsx","167","form","<select name=""role"" defaultValue= className=""h-11 rounded-md border bg-backgro","upsertStaffAccessAction.bind(null, profileId)","",""
"app/admin/equipo/page.tsx","169","select","role","","","role"
"app/admin/equipo/page.tsx","210","form","<Input name=""roleTitle"" placeholder=""Cargo o perfil comercial"" defaultValue= req","action","",""
"app/admin/equipo/page.tsx","217","select","department","","","department"
"app/admin/equipo/page.tsx","220","select","commissionType","","","commissionType"
"app/admin/equipo/page.tsx","227","input","active","","checkbox","active"
"app/admin/leads/page.tsx","91","form","v","statusAction","",""
"app/admin/leads/page.tsx","92","select","status","","","status"
"app/admin/leads/page.tsx","95","select","priority","","","priority"
"app/admin/leads/page.tsx","98","select","assignedProfileId","","","assignedProfileId"
"app/admin/leads/page.tsx","102","input","Interes","","","interest"
"app/admin/leads/page.tsx","103","input","Monto estimado","","number","estimatedValue"
"app/admin/leads/page.tsx","104","input","nextFollowUpAt","","date","nextFollowUpAt"
"app/admin/leads/page.tsx","107","form","Agregar","noteAction","",""
"app/admin/leads/page.tsx","108","input","Nueva nota","","","body"
"app/admin/leads/page.tsx","111","form","Archivar {lead.opportunity ? ( <Button size=","deleteAction","",""
"app/admin/leads/page.tsx","117","form","Convertir a oportunidad )}","convertAction","",""
"app/admin/notificaciones/page.tsx","49","Link","Abrir : null} {!notification.readAt ? ( Marc","notification.href","",""
"app/admin/notificaciones/page.tsx","51","form","Marcar leida ) : null} ))} {!notifications.length","markNotificationReadAction.bind(null, notification.id)","",""
"app/admin/oportunidades/page.tsx","78","form","Convertir a cotizacion","convertOpportunityToQuoteAction.bind(null, opportunity.id)","",""
"app/admin/oportunidades/page.tsx","90","Link","Ver ultima cotizacion ) : null}","`/cotizaciones/${opportunity.quotes[0].publicToken","",""
"app/admin/page.tsx","45","Link","Ver mis chats Ver tickets <Car","/admin/chat","",""
"app/admin/page.tsx","46","Link","Ver tickets Asignados a tu perfil","/admin/tickets","",""
"app/admin/page.tsx","155","Link","Cotizaciones Ventas Ver chat","/admin/cotizaciones","",""
"app/admin/page.tsx","156","Link","Ventas Ver chat Ver leads","/admin/ventas","",""
"app/admin/page.tsx","157","Link","Ver chat Ver leads {[ [""Pro","/admin/chat","",""
"app/admin/page.tsx","158","Link","Ver leads {[ [""Productos"", productCount, ""Catalogo tecnico""], [""Pedidos pendientes"",","/admin/leads","",""
"app/admin/pedidos/page.tsx","77","form","value={sta","updateAction","",""
"app/admin/pedidos/page.tsx","78","select","status","","","status"
"app/admin/pedidos/page.tsx","81","input","Nota comercial interna","","","notes"
"app/admin/pedidos/page.tsx","84","form","Eliminar ); })}","deleteAction","",""
"app/admin/productos/[id]/page.tsx","34","form","Eliminar producto Esta accion elimina el producto del catalogo y de la tienda publica.","deleteAction","",""
"app/admin/productos/page.tsx","26","Link","Nuevo producto <thead className=""bg-muted text-","/admin/productos/nuevo","",""
"app/admin/productos/page.tsx","57","Link","Editar ))} ); }","`/admin/productos/${product.id","",""
"app/admin/proyectos/page.tsx","158","Link","Ver publico <CardContent className=""space-y-4","`/proyectos/${project.slug","",""
"app/admin/proyectos/page.tsx","192","form","Eliminar proyecto <p className=""font-semib","deleteProjectAction.bind(null, project.id)","",""
"app/admin/proyectos/page.tsx","207","form","<Textarea name=""body"" placeholder=""Detalle t","createProjectProgressAction.bind(null, project.id)","",""
"app/admin/proyectos/page.tsx","257","form","<ProjectClientFields clients= def","action","",""
"app/admin/proyectos/page.tsx","263","select","category","","","category"
"app/admin/proyectos/page.tsx","269","select","status","","","status"
"app/admin/proyectos/page.tsx","281","input","isPublic","","checkbox","isPublic"
"app/admin/proyectos/page.tsx","285","input","isFeatured","","checkbox","isFeatured"
"app/admin/reportes/page.tsx","54","Link","Exportar CSV <Metric icon= title={","/api/admin/reports/sales.csv","",""
"app/admin/tecnicos/page.tsx","52","form","","updateTechnicalProfileAction.bind(null, profile.id)","",""
"app/admin/tecnicos/page.tsx","55","select","department","","","department"
"app/admin/tecnicos/page.tsx","58","select","availability","","","availability"
"app/admin/tecnicos/page.tsx","67","input","active","","checkbox","active"
"app/admin/terraqo/comunidad/page.tsx","133","form","<Textarea name=""description"" placeholder=""Descripcion del canal""","createForumChannelAction","",""
"app/admin/terraqo/comunidad/page.tsx","148","form","Selecciona canal {channels.map((channel) => (","createForumPostAction","",""
"app/admin/terraqo/comunidad/page.tsx","149","select","channelId","","","channelId"
"app/admin/terraqo/comunidad/page.tsx","159","input","pinned","","checkbox","pinned"
"app/admin/terraqo/page.tsx","193","Link","Usuarios y accesos Red profesional <Li","/admin/terraqo/usuarios","",""
"app/admin/terraqo/page.tsx","196","Link","Red profesional Validaciones Terraqo <div className","/admin/terraqo/red","",""
"app/admin/terraqo/page.tsx","199","Link","Validaciones Terraqo Clientes activos</CardDesc","/admin/terraqo/validaciones","",""
"app/admin/terraqo/page.tsx","240","Link","Abrir mesa de validaciones {[ [""Documentos por revisar"", pendingDocume","/admin/terraqo/validaciones","",""
"app/admin/terraqo/page.tsx","265","form","","createWorkspaceAction","",""
"app/admin/terraqo/page.tsx","270","select","industry","","","industry"
"app/admin/terraqo/page.tsx","274","select","companyId","","","companyId"
"app/admin/terraqo/page.tsx","282","select","plan","","","plan"
"app/admin/terraqo/page.tsx","352","form","<Input name=""bra","updateWorkspaceAction","",""
"app/admin/terraqo/page.tsx","353","input","workspaceId","","hidden","workspaceId"
"app/admin/terraqo/page.tsx","357","select","industry","","","industry"
"app/admin/terraqo/page.tsx","361","select","tier","","","tier"
"app/admin/terraqo/page.tsx","364","select","subscriptionStatus","","","subscriptionStatus"
"app/admin/terraqo/page.tsx","368","select","active","","","active"
"app/admin/terraqo/page.tsx","369","select","companyId","","","companyId"
"app/admin/terraqo/page.tsx","416","form","<input type=""hidden"" name=","toggleWorkspaceModule","",""
"app/admin/terraqo/page.tsx","417","input","workspaceId","","hidden","workspaceId"
"app/admin/terraqo/page.tsx","418","input","code","","hidden","code"
"app/admin/terraqo/page.tsx","419","input","active","","hidden","active"
"app/admin/terraqo/page.tsx","421","select","provisioningMode","","","provisioningMode"
"app/admin/terraqo/page.tsx","426","input","provisioningMode","","hidden","provisioningMode"
"app/admin/terraqo/recorridos/page.tsx","46","Link","Abrir este frente ); })} ); }","demo.href","",""
"app/admin/terraqo/red/formulario/page.tsx","126","input","`field:${field.key","","checkbox","`field:${field.key"
"app/admin/terraqo/red/formulario/page.tsx","130","input","`field:${field.key","","checkbox","`field:${field.key"
"app/admin/terraqo/red/formulario/page.tsx","170","Link","Volver a profesionales Ver formulario publico {params?.sta","/admin/terraqo/red","",""
"app/admin/terraqo/red/formulario/page.tsx","171","Link","Ver formulario publico {params?.status === ""guardado"" ? ( <div className=""rounded-md border border-[","/trabaja-con-nosotros","",""
"app/admin/terraqo/red/formulario/page.tsx","181","form","Texto principal Def","saveCareerFormAction","",""
"app/admin/terraqo/red/formulario/page.tsx","252","input","`document:${document.key","","checkbox","`document:${document.key"
"app/admin/terraqo/red/formulario/page.tsx","256","input","`document:${document.key","","checkbox","`document:${document.key"
"app/admin/terraqo/red/page.tsx","417","Link",") : ( {event.user.name || event.user.em","`/admin/terraqo/red/profesionales/${event.professionalProfileId","",""
"app/admin/terraqo/red/page.tsx","467","form","<select na","createJobPostAction","",""
"app/admin/terraqo/red/page.tsx","470","select","projectId","","","projectId"
"app/admin/terraqo/red/page.tsx","541","form","<select name=""evidenceStatus"" defaultValue= className=""h-10 min-w-0 flex-1 rounded-md border bg-back","reviewWorklogAction","",""
"app/admin/terraqo/red/page.tsx","542","input","worklogId","","hidden","worklogId"
"app/admin/terraqo/red/page.tsx","543","select","evidenceStatus","","","evidenceStatus"
"app/admin/terraqo/red/page.tsx","577","form","","updateApplicationStatusAction","",""
"app/admin/terraqo/red/page.tsx","578","input","applicationId","","hidden","applicationId"
"app/admin/terraqo/red/page.tsx","579","select","status","","","status"
"app/admin/terraqo/red/page.tsx","623","Link","","`/admin/terraqo/red/profesionales/${profile.id","",""
"app/admin/terraqo/red/page.tsx","629","Link","Ver perfil completo","`/admin/terraqo/red/profesionales/${profile.id","",""
"app/admin/terraqo/red/page.tsx","652","form","","reviewIdentityAction","",""
"app/admin/terraqo/red/page.tsx","653","input","professionalProfileId","","hidden","professionalProfileId"
"app/admin/terraqo/red/profesionales/[id]/page.tsx","51","Link","Volver a profesionales <Card","/admin/terraqo/red","",""
"app/admin/terraqo/red/profesionales/[id]/page.tsx","52","Link","Ver CV publico : null} <d","`/cv/${profile.username","",""
"app/admin/terraqo/usuarios/page.tsx","122","form","<select name=""role"" defaultValue=""CUSTOMER""","createUserAction","",""
"app/admin/terraqo/usuarios/page.tsx","125","select","role","","","role"
"app/admin/terraqo/usuarios/page.tsx","141","form","<select name=""role"" defaultValue=","updateUserAction","",""
"app/admin/terraqo/usuarios/page.tsx","142","input","userId","","hidden","userId"
"app/admin/terraqo/usuarios/page.tsx","144","select","role","","","role"
"app/admin/terraqo/usuarios/page.tsx","153","form","<p className=""text-xs text-muted-foreground""","updateMembershipAction","",""
"app/admin/terraqo/usuarios/page.tsx","154","input","membershipId","","hidden","membershipId"
"app/admin/terraqo/usuarios/page.tsx","156","select","memberRole","","","memberRole"
"app/admin/terraqo/usuarios/page.tsx","157","select","active","","","active"
"app/admin/terraqo/usuarios/page.tsx","163","form","{workspaces.map((workspace) => <option k","upsertMembershipAction","",""
"app/admin/terraqo/usuarios/page.tsx","164","input","userId","","hidden","userId"
"app/admin/terraqo/usuarios/page.tsx","165","select","workspaceId","","","workspaceId"
"app/admin/terraqo/usuarios/page.tsx","166","select","memberRole","","","memberRole"
"app/admin/terraqo/usuarios/page.tsx","170","form","Restablecer acceso La clave se cif","resetPasswordAction","",""
"app/admin/terraqo/usuarios/page.tsx","171","input","userId","","hidden","userId"
"app/admin/terraqo/validaciones/page.tsx","182","Link","Workspaces Usuarios y accesos Red por workspace</","/admin/terraqo","",""
"app/admin/terraqo/validaciones/page.tsx","183","Link","Usuarios y accesos Red por workspace","/admin/terraqo/usuarios","",""
"app/admin/terraqo/validaciones/page.tsx","184","Link","Red por workspace <Metric icon= value= label=""Documentos por revisar"" tone=""a","/admin/terraqo/red","",""
"app/admin/terraqo/validaciones/page.tsx","236","Link","CV : null} {profile.documents.map((document) => ( <ProfessionalDocumentPreview key={documen","`/cv/${profile.username","",""
"app/admin/terraqo/validaciones/page.tsx","324","form","<B","reviewProfessionalDocumentAction","",""
"app/admin/terraqo/validaciones/page.tsx","326","input","documentId","","hidden","documentId"
"app/admin/terraqo/validaciones/page.tsx","337","form","<input type=""hidden"" name=""experienceId"" value={expe","reviewProfessionalExperienceAction","",""
"app/admin/terraqo/validaciones/page.tsx","339","input","experienceId","","hidden","experienceId"
"app/admin/terraqo/validaciones/page.tsx","350","form","<input type=""hidden"" name=""educationId"" value={edu","reviewProfessionalEducationAction","",""
"app/admin/terraqo/validaciones/page.tsx","352","input","educationId","","hidden","educationId"
"app/admin/tickets/page.tsx","73","form","{ticketStatuses.map((status) => {","updateTicketAction.bind(null, ticket.id)","",""
"app/admin/tickets/page.tsx","74","select","status","","","status"
"app/admin/tickets/page.tsx","77","select","priority","","","priority"
"app/admin/tickets/page.tsx","80","select","category","","","category"
"app/admin/tickets/page.tsx","83","select","assignedProfileId","","","assignedProfileId"
"app/admin/tickets/page.tsx","106","form","<Button type","sendTicketMessageAction.bind(null, ticket.id)","",""
"app/admin/ventas/page.tsx","143","form","","createProject","",""
"app/admin/ventas/page.tsx","182","form","{commissionTypes.map(([value, label]) => <opt","updateSellerCommercialAction.bind(null, seller.id)","",""
"app/admin/ventas/page.tsx","183","select","commissionType","","","commissionType"
"app/admin/ventas/page.tsx","235","form","{[""PENDING"", ""APPROVED"", ""PAID"", ""CANCELLED""].","updateCommissionStatusAction.bind(null, commission.id)","",""
"app/admin/ventas/page.tsx","236","select","status","","","status"
"app/admin/workspace/marca/page.tsx","51","Link","Ver perfil público {params?.success === ""brand"" ? <div className=""rounded-md border border-emerald-2","publicUrl","",""
"app/admin/workspace/marca/page.tsx","64","form","Marca visible <Input name=""brandName"" defaultValue= placeholder=""ICC Topografía""","updateWorkspaceBrandingAction","",""
"app/admin/workspace/marca/page.tsx","110","select","fontFamily","","","fontFamily"
"app/admin/workspace/marca/page.tsx","116","input","heroPattern","","hidden","heroPattern"
"app/admin/workspace/perfil/page.tsx","59","Link","Ver página pública {params?.success === ""profile"" ? <div className=""rounded-md border border-emerald","`/empresas/${publicSlug","",""
"app/admin/workspace/perfil/page.tsx","71","form","Titular comercial <Input name=""headline"" defaultValue= placeholder=""Servicios topográficos para","updateCompanyLiveProfileAction","",""
"app/admin/workspace/perfil/page.tsx","118","input","publicEnabled","","checkbox","publicEnabled"
"app/cv/[username]/experiencias/[experienceId]/page.tsx","200","Link","Volver a experiencias <Link href= className=""inline-flex items-center gap-2 text-sm font-black text-","publicCvPath(username, ","",""
"app/cv/[username]/experiencias/[experienceId]/page.tsx","203","Link","Ver CV completo <section className=""relative mt-7 overflow-hidden rounded-[28px] border border-[#488","publicCvPath(username)","",""
"app/cv/[username]/experiencias/[experienceId]/page.tsx","245","Link","Ver estado de validaciones <div className=""relative grid border-t border-white/10 sm:grid-cols-2 xl:","publicCvPath(username, ","",""
"app/cv/[username]/experiencias/[experienceId]/page.tsx","287","Link","Ver proyecto público : null} ) : null} <aside classN","`/proyectos/${experience.project.slug","",""
"app/cv/[username]/experiencias/[experienceId]/page.tsx","310","a","Abrir evidencia : <FileCheck2 cla","item","",""
"app/cv/[username]/experiencias/[experienceId]/page.tsx","320","Link","Contactar perfil <section className=""mt-6 flex flex-col gap-5 rounded-[22px] border border-[#488ac9]","contactPath","",""
"app/cv/[username]/experiencias/[experienceId]/page.tsx","327","Link","Ver trayectoria <Link href= className=""inline-flex items-center justify-center gap-2 rounded-[9px] b","publicCvPath(username, ","",""
"app/cv/[username]/experiencias/[experienceId]/page.tsx","327","Link","Volver al CV ); }","publicCvPath(username)","",""
"app/reuniones/[id]/page.tsx","37","Link","<Video","returnPath","",""
"app/reuniones/[id]/page.tsx","47","form","Finalizar reunion : null} <div classNa","endAction","",""
"components/admin/admin-navigation.tsx","157","Link","`Ir al inicio de ${panelName","/admin","",""
"components/admin/admin-navigation.tsx","172","form","Workspace activo <select id=""admin-workspace"" name=""w","selectAdminWorkspace","",""
"components/admin/admin-navigation.tsx","173","input","returnTo","","hidden","returnTo"
"components/admin/admin-navigation.tsx","175","select","workspaceId","","","workspaceId"
"components/admin/admin-navigation.tsx","178","button","Cambiar ) : null} <p classNa","","submit",""
"components/admin/admin-navigation.tsx","186","Link","Ver notificaciones","/admin/notificaciones","",""
"components/admin/admin-navigation.tsx","193","button","mobileOpen ? ","() =>","button",""
"components/admin/admin-navigation.tsx","207","Link","); } return ( <div","singleItem.href","",""
"components/admin/admin-navigation.tsx","216","button","setOpenGroup((current) => current === group.label ? null : group.label)}> <ChevronDown className={cn","() =>","button",""
"components/admin/admin-navigation.tsx","224","Link","","item.href","",""
"components/admin/admin-navigation.tsx","250","input","setQuery(event.target.value)} placeholder=""Buscar una seccion del panel"" className=""h-12 w-full roun","","",""
"components/admin/admin-navigation.tsx","259","Link","","item.href","",""
"components/admin/admin-navigation.tsx","277","form","Workspace","selectAdminWorkspace","",""
"components/admin/admin-navigation.tsx","278","input","returnTo","","hidden","returnTo"
"components/admin/admin-navigation.tsx","280","select","workspaceId","","","workspaceId"
"components/admin/admin-navigation.tsx","283","button","Cambiar workspace ) : null} <SignOutButton className=""h-11 w-full border","","submit",""
"components/admin/admin-notification-monitor.tsx","125","Link","Abrir ) : unreadCount > 0 ? ( <Link href=""/admin/notificaciones"" className=""flex items-center gap-2 ","event.href","",""
"components/admin/admin-notification-monitor.tsx","130","Link","sin leer ) : null} ); }","/admin/notificaciones","",""
"components/admin/chat/admin-chat-reply-form.tsx","35","form","<Textarea ref= name=""body"" placeholder=""Escribe una respuesta para el cliente. Enter envia, Shift+En","submit","",""
"components/admin/client-logo-uploader.tsx","76","input",") => uploadFiles(event.target.files)} /> fileInputRef.current?.click()} disabled= > {isUploading ? <","","file",""
"components/admin/client-logo-uploader.tsx","97","input","inputName","","hidden","inputName"
"components/admin/cms/cms-workspace-nav.tsx","47","Link","","`/admin/contenidos?section=${section.id","",""
"components/admin/cms/collapsible-editor.tsx","39","form","<form action={deleteAct","updateAction","",""
"components/admin/cms/collapsible-editor.tsx","44","form","); } export function CmsSectionHeading({ eyebrow,","deleteAction","",""
"components/admin/products/product-form.tsx","20","form","<Input name=""sku"" required defaultV","action","",""
"components/admin/products/product-form.tsx","28","select","categoryId","","","categoryId"
"components/admin/products/product-form.tsx","48","input","requiresQuote","","checkbox","requiresQuote"
"components/admin/products/product-image-uploader.tsx","67","input",") => uploadFiles(event.target.files)} /> fileInputRef.current?.click()} disabled= > {isUploading ? <","","file",""
"components/admin/products/product-image-uploader.tsx","98","input","images","","hidden","images"
"components/admin/project-client-fields.tsx","41","select","clientId","","","clientId"
"components/admin/project-image-uploader.tsx","67","input",") => uploadFiles(event.target.files)} /> fileInputRef.current?.click()} disabled= > {isUploading ? <","","file",""
"components/admin/project-image-uploader.tsx","97","input","images","","hidden","images"
"components/admin/service-cover-uploader.tsx","56","input",") => uploadFile(event.target.files)} /> fileInputRef.current?.click()} disabled= > {isUploading ? <L","","file",""
"components/admin/service-cover-uploader.tsx","77","input","inputName","","hidden","inputName"
"components/admin/service-icon-uploader.tsx","56","input",") => uploadFile(event.target.files)} /> fileInputRef.current?.click()} disabled= > {isUploading ? <L","","file",""
"components/admin/service-icon-uploader.tsx","75","input","icon","","hidden","icon"
"components/admin/terraqo/link-professional-project-form.tsx","42","form","Selecciona","action","",""
"components/admin/terraqo/link-professional-project-form.tsx","44","select","professionalProfileId","","","professionalProfileId"
"components/admin/terraqo/link-professional-project-form.tsx","51","input","allProjects","","checkbox","allProjects"
"components/admin/terraqo/link-professional-project-form.tsx","75","input","projectIds","","checkbox","projectIds"
"components/auth/client-registration-form.tsx","121","form","Validacion de correo","verify","",""
"components/auth/client-registration-form.tsx","142","form","<span className=""flex h-11 w-11 shrink-0 items-ce","submit","",""
"components/auth/client-registration-form.tsx","160","button","setAccountType(option.value)} className= `}","() =>","button",""
"components/auth/sign-in-form.tsx","55","form","<span className=""flex h-11 w-11 shrink-0 items","submit","",""
"components/careers/workspace-career-form.tsx","338","Link","Volver al inicio ); } const brandName = data.workspace.brandName || data.workspace.name; return ( <s","/","",""
"components/careers/workspace-career-form.tsx","426","button","setField(""jobPostId"", """")} className={cn( ""w-full rounded-lg border p-4 text-left transition hover:-","() =>","button",""
"components/careers/workspace-career-form.tsx","438","button","setField(""jobPostId"", job.id)} className={cn( ""w-full rounded-lg border p-4 text-left transition hov","() =>","button",""
"components/careers/workspace-career-form.tsx","456","form",": null} {success ? ( <div className=""rounded-lg border bord","","",""
"components/careers/workspace-career-form.tsx","461","Link","Ir al portal ) : null} className=""rounded-lg border border","/cuenta","",""
"components/careers/workspace-career-form.tsx","497","select","handleInput(field, event)} className=""h-11 w-full rounded-md border border-[#C9E6E2] bg-[#FAFDFD] px","","",""
"components/careers/workspace-career-form.tsx","515","button","toggleMultiValue(name, option)} className={cn( ""rounded-md border px-3 py-2 text-sm font-semibold tr","() =>","button",""
"components/careers/workspace-career-form.tsx","550","input","setField(name, event.target.checked)} className=""h-4 w-4 accent-[#00998F]"" /> {field.helpTex","","checkbox",""
"components/careers/workspace-career-form.tsx","589","input","setTermsAccepted(event.target.checked)} className=""mt-1 h-4 w-4 accent-[#7EF3E8]"" /> Acepto los term","","checkbox",""
"components/careers/workspace-career-form.tsx","593","input","setPrivacyAccepted(event.target.checked)} className=""mt-1 h-4 w-4 accent-[#7EF3E8]"" /> He leido la p","","checkbox",""
"components/cart/add-to-cart-button.tsx","38","Link","); } return ( <Button type=""button"" className= disabled= onClick=","/checkout","",""
"components/cart/cart-nav-button.tsx","26","Link","{count ? ( <span className=""absolute -right-1 -top-1 flex h-4 min-w-4 items-center justify-center ro","/checkout","",""
"components/cart/checkout-client.tsx","100","Link","Ir a tienda tecnica ); } return ( <section className=""container grid gap-10 py-16 lg:grid-cols-[1fr_","/tienda","",""
"components/cart/checkout-client.tsx","120","Link","<p className=""text","`/tienda/${item.slug","",""
"components/cart/checkout-client.tsx","125","Link","disponible(s)","`/tienda/${item.slug","",""
"components/cart/checkout-client.tsx","165","form","<Input required name=""email"" type=""email","","",""
"components/chat/chat-widget.tsx","260","form","<Input name=""body"" placeholder=""Escribe tu mensaje"" disabled= value=","","",""
"components/chat/chat-widget.tsx","283","form","setBotInput(event.target.value)} placeholder=""Pregunta al asistente ICC"" /> <Button type=""submit"" si","","",""
"components/chat/chat-widget.tsx","295","form","Inicia una conversacion comercial. Te pediremos que permanezcas en linea hasta que un asesor tome el","","",""
"components/chat/chat-widget.tsx","302","select","topic","","","topic"
"components/conversion-band.tsx","16","Link","Solicitar cotizacion","/cotizacion","",""
"components/conversion-band.tsx","19","a","Hablar con asesor ); }","`https://wa.me/${process.env.NEXT_PUBLIC_WHATSAPP_NUMBER || ","",""
"components/forms/contact-form.tsx","34","form",") : null} <div class","submit","",""
"components/forms/service-evaluation-form.tsx","25","form","Solicita una evaluacion tecnica Cuentanos sobre tu proyecto y nuestro e","submit","",""
"components/forms/service-evaluation-form.tsx","29","input","Nombre y apellidos","","","name"
"components/forms/service-evaluation-form.tsx","30","input","Empresa","","","company"
"components/forms/service-evaluation-form.tsx","32","input","Telefono / WhatsApp","","","phone"
"components/forms/service-evaluation-form.tsx","33","input","Correo corporativo","","email","email"
"components/forms/service-evaluation-form.tsx","36","select","projectType","","","projectType"
"components/forms/service-evaluation-form.tsx","42","textarea","Cuentanos los detalles de tu proyecto o requerimiento tecnico","","","message"
"components/forms/service-evaluation-form.tsx","44","button","<p className=""mt-3 text-cente","","submit",""
"components/home-services-showcase.tsx","35","Link","Explorar tecnologia y procesos","/servicios","",""
"components/home-services-showcase.tsx","45","Link","<Icon classN","`/servicios/${service.slug","",""
"components/location/location-select.tsx","80","select","countryName","","","countryName"
"components/location/location-select.tsx","92","select","subdivisionName","","","subdivisionName"
"components/location/location-select.tsx","103","select","cityName","","","cityName"
"components/portal/entry-reference-request.tsx","27","button","setOpen(true)} className=""rounded-md border border-primary/30 px-3 py-1.5 text-xs font-bold text-pri","() =>","button",""
"components/portal/entry-reference-request.tsx","38","form","Referencia para validacion Terraqo","action","",""
"components/portal/entry-reference-request.tsx","39","input","isEducation ? ","","hidden","isEducation ? "
"components/portal/entry-reference-request.tsx","41","select","validatorUserId","","","validatorUserId"
"components/portal/entry-reference-request.tsx","58","button","setOpen(false)} className=""rounded-md border px-3 py-2 text-sm font-semibold""> Cancelar ); }","() =>","button",""
"components/portal/experience-public-details-editor.tsx","19","button","setOpen(true)} className=""text-xs font-bold text-primary underline-offset-4 hover:underline""> ); } r","() =>","button",""
"components/portal/experience-public-details-editor.tsx","26","form","Detalle publico de esta experiencia <Textarea name","action","",""
"components/portal/experience-public-details-editor.tsx","27","input","experienceId","","hidden","experienceId"
"components/portal/experience-public-details-editor.tsx","43","button","setOpen(false)} className=""rounded-md border px-3 py-2 text-sm font-semibold""> Cancelar ); }","() =>","button",""
"components/portal/file-uploader.tsx","59","input","name","","hidden","name"
"components/portal/file-uploader.tsx","65","input",") => uploadFiles(event.target.files)} /> inputRef.current?.click()} disabled= > {isUploading ? <Load","","file",""
"components/portal/portal-shell.tsx","117","Link","); })} ); } function withAlpha(hex: string, opacity: string) { return `${","item.href","",""
"components/portal/portal-shell.tsx","153","Link","Ir al resumen del portal","/portal","",""
"components/portal/portal-shell.tsx","164","Link","Abrir mensajes","/portal/mensajes","",""
"components/portal/portal-shell.tsx","167","Link","Ver actividad reciente","/portal#actividad","",""
"components/portal/portal-shell.tsx","201","a","Ayuda y soporte <SignOutButton className=""mt-2 w-full justify-start border-0 bg-transparent px-3.5 t","mailto:proyectos@icctopografia.com","",""
"components/portal/private-files-manager.tsx","82","form","Agregar archivo {workspaces.length > 1 ? Espacio<select value={wor","","",""
"components/portal/private-files-manager.tsx","84","select","setWorkspaceId(event.target.value)} className=""h-11 rounded-lg border bg-white px-3 font-normal""> )}","","",""
"components/portal/private-files-manager.tsx","85","input","Ej. Plano de replanteo","","","title"
"components/portal/private-files-manager.tsx","86","select","category","","","category"
"components/portal/private-files-manager.tsx","87","input","Proyecto, cliente o actividad","","","projectName"
"components/portal/private-files-manager.tsx","88","select","visibility","","","visibility"
"components/portal/private-files-manager.tsx","89","textarea","Qué contiene y para qué se utiliza","","","description"
"components/portal/private-files-manager.tsx","90","input","file","","file","file"
"components/portal/private-files-manager.tsx","91","button","{status ? <p role=""status"" className=""rounded-lg border border-[#b8ded9]","","",""
"components/portal/private-files-manager.tsx","98","select","setFilter(event.target.value)} className=""h-11 rounded-lg border bg-white px-3 text-sm""> Todas las c","","",""
"components/portal/private-files-manager.tsx","103","button","setPreview(file)} className=""grid h-10 w-10 place-items-center rounded-lg border text-[#31505a] hove","() =>","",""
"components/portal/private-files-manager.tsx","103","a","className=""grid h-10 w-10 place-items-center rounded-lg border text-[#8d4b4b] hover:bg-red-50"" title","`${apiBase","",""
"components/portal/private-files-manager.tsx","103","button","remove(file)} className=""grid h-10 w-10 place-items-center rounded-lg border text-[#8d4b4b] hover:bg","() =>","",""
"components/portal/private-files-manager.tsx","109","button","setPreview(null)} className=""rounded-lg border px-4 py-2 text-sm font-semibold"">Cerrar {preview.cont","() =>","",""
"components/portal/private-files-manager.tsx","109","a","Descargar archivo : Este formato requ","`${apiBase","",""
"components/portal/private-files-manager.tsx","109","a","Descargar archivo } : null} ; }","`${apiBase","",""
"components/portal/private-notes-manager.tsx","84","form","Nueva nota {workspaces.length > 1 ? <sele","","",""
"components/portal/private-notes-manager.tsx","87","select","setWorkspaceId(event.target.value)} className=""h-11 rounded-lg border px-3 text-sm""> )} : null}","","",""
"components/portal/private-notes-manager.tsx","90","button","setKind(""SIMPLE"")} className= `}> Simple","() =>","button",""
"components/portal/private-notes-manager.tsx","91","button","setKind(""SECURE"")} className= `}> Segura","() =>","button",""
"components/portal/private-notes-manager.tsx","93","input","setTitle(event.target.value)} maxLength= required placeholder=""Título"" className=""h-12 rounded-lg bo","","",""
"components/portal/private-notes-manager.tsx","94","textarea","setBody(event.target.value)} maxLength= required placeholder=""Escribe tu nota..."" className=""min-h-4","","",""
"components/portal/private-notes-manager.tsx","95","input","setPassphrase(event.target.value)} minLength= required placeholder=""Mínimo 12 caracteres"" autoComple","","password",""
"components/portal/private-notes-manager.tsx","96","button","{status ? <p role=""status"" className=""rounded-lg border border-[#b8ded9","","",""
"components/portal/private-notes-manager.tsx","108","button","remove(note.id)} className=""grid h-9 w-9 place-items-center rounded-lg text-current/55 hover:bg-blac","() =>","",""
"components/portal/private-notes-manager.tsx","109","button","setUnlocked((current) => ; delete next[note.id]; return next; })} className=""mt-5 text-sm font-semib","() =>","",""
"components/portal/private-notes-manager.tsx","109","input","setUnlockPassphrase(event.target.value)} autoFocus placeholder=""Frase de acceso"" className=""h-11 rou","","password",""
"components/portal/private-notes-manager.tsx","109","button","unlock(note)} className=""h-11 rounded-lg bg-[#63ded3] font-semibold text-[#063438]"">Descifrar : } cl","() =>","",""
"components/portal/private-notes-manager.tsx","109","button","} className=""mt-5 text-sm font-semibold text-[#66e3d8]""> Abrir con frase } } ; })}","() =>","",""
"components/portal/professional-document-uploader.tsx","112","button","setPreview(latestCv)} className=""inline-flex items-center gap-1 text-primary""> Previsualizar <a href","() =>","button",""
"components/portal/professional-document-uploader.tsx","113","a","Descargar ) : null} { event.preventDefault(); void upload(event.currentTarget,","`/api/terraqo/professional-documents/${latestCv.id","",""
"components/portal/professional-document-uploader.tsx","116","form","}> PDF, DOC o DOCX (maximo 10 MB) <input name=""cvFile"" type","","",""
"components/portal/professional-document-uploader.tsx","119","input","cvFile","","file","cvFile"
"components/portal/professional-document-uploader.tsx","149","form","}>","","",""
"components/portal/professional-document-uploader.tsx","153","input","dniFront","","file","dniFront"
"components/portal/professional-document-uploader.tsx","157","input","dniBack","","file","dniBack"
"components/portal/professional-document-uploader.tsx","175","form","}> Categoria <select name=""documentType"" required className=""h-11 ro","","",""
"components/portal/professional-document-uploader.tsx","177","select","documentType","","","documentType"
"components/portal/professional-document-uploader.tsx","185","input","documentFile","","file","documentFile"
"components/portal/professional-document-uploader.tsx","197","button","setPreview(document)} className=""inline-flex items-center gap-2 text-sm font-bold text-primary""> Ver","() =>","button",""
"components/portal/professional-document-uploader.tsx","198","a","Descargar ))} {!privateDocuments.length ? <div className=""grid min-h-48 place-items-ce","`/api/terraqo/professional-documents/${document.id","",""
"components/portal/professional-document-uploader.tsx","217","button","setPreview(null)} className=""grid h-10 w-10 shrink-0 place-items-center rounded-md border"" aria-labe","() =>","button",""
"components/portal/professional-document-uploader.tsx","235","a","Descargar archivo protegido ) : ( <","`/api/terraqo/professional-documents/${preview.id","",""
"components/portal/professional-document-uploader.tsx","240","a","Descargar archivo protegido )} ) : null} ); }","`/api/terraqo/professional-documents/${preview.id","",""
"components/portal/professional-network-directory.tsx","131","input","setQuery(event.target.value)} placeholder=""Buscar profesionales, empresas, habilidades..."" className","","",""
"components/portal/professional-network-directory.tsx","148","button","setMode(tab.value)} className= `}> <Icon","() =>","button",""
"components/portal/professional-network-directory.tsx","155","select","setSort(event.target.value)} aria-label=""Ordenar resultados"" className=""h-10 rounded-lg border borde","","",""
"components/portal/professional-network-directory.tsx","160","button","setView(""grid"")} className= `} aria-label=""Vista en tarjetas"">","() =>","button",""
"components/portal/professional-network-directory.tsx","161","button","setView(""list"")} className= `} aria-label=""Vista en lista""><Li","() =>","button",""
"components/portal/professional-network-directory.tsx","175","button","Limpiar filtros <FilterSelect label=""Ubicacion"" value= onChange= options={[{ value: ""all"", label: ""T","clearFilters","button",""
"components/portal/professional-network-directory.tsx","182","button","Aplicar filtros ); } function ProfessionalsList( : )","","button",""
"components/portal/professional-network-directory.tsx","266","select","onChange(event.target.value)}> )} ); } function EmptyState( : { text: string","","",""
"components/portal/professional-network-directory.tsx","279","Link","); }","href","",""
"components/portal/professional-photo-uploader.tsx","36","input","void upload(event.target.files?.[0])} /> inputRef.current?.click()} disabled= className=""absolute bo","","file",""
"components/portal/professional-photo-uploader.tsx","43","button","inputRef.current?.click()} disabled= className=""absolute bottom-0 right-0 grid h-9 w-9 place-items-c","() =>","button",""
"components/portal/profile-entry-forms.tsx","24","form","<Input name=""role"" placeholder=""Rol","createExperienceAction","",""
"components/portal/profile-entry-forms.tsx","34","input","currentlyWorking","","checkbox","currentlyWorking"
"components/portal/profile-entry-forms.tsx","51","form","<Input name=""field"" placeholder=""Especialidad o ar","createEducationAction","",""
"components/portal/profile-entry-forms.tsx","61","input","currentlyStudying","","checkbox","currentlyStudying"
"components/portal/profile-entry-forms.tsx","77","select","visibility","","","visibility"
"components/portal/profile-entry-forms.tsx","91","select","validatorUserId","","","validatorUserId"
"components/product-card.tsx","51","Link","<Image src= alt= fill sizes=""(min-width: 1280px) 360px, (min-width: 768px) 45vw, 90vw"" className=""ob","`/tienda/${product.slug","",""
"components/product-card.tsx","65","Link",").map((_, index) =>","`/tienda/${product.slug","",""
"components/product-card.tsx","123","Link","Ver detalles del producto ); }","`/tienda/${product.slug","",""
"components/product-gallery.tsx","53","button","setActiveIndex(index)} className={cn(""relative aspect-square rounded-md border bg-white p-2 transiti","() =>","button",""
"components/projects/project-search-preview.tsx","42","form","","/proyectos","",""
"components/projects/project-search-preview.tsx","43","input","rubro","","hidden","rubro"
"components/projects/project-search-preview.tsx","44","input","estado","","hidden","estado"
"components/projects/project-search-preview.tsx","47","input","q","","search","q"
"components/projects/project-search-preview.tsx","57","button","Buscar {matches.length ? ( <div className=""absolute left-0 right-0 top-[calc(100%+0.75rem)] z-30 ove","","submit",""
"components/projects/project-search-preview.tsx","69","Link","","`/proyectos/${item.slug","",""
"components/site-footer.tsx","19","Link","Tienda tecnica Solicitar cotizacion Servicios","/tienda","",""
"components/site-footer.tsx","20","Link","Solicitar cotizacion Servicios Legal <ul className","/cotizacion","",""
"components/site-footer.tsx","21","Link","Servicios Legal <Link href=""/pri","/servicios","",""
"components/site-footer.tsx","27","Link","Privacidad Terminos ); }","/privacidad","",""
"components/site-footer.tsx","28","Link","Terminos ); }","/terminos","",""
"components/site-header.tsx","66","Link","setMenuOpen(false)} className=""border-b px-2 py-4 text-base font-semibold text-muted-foreground tran","href","",""
"components/site-header.tsx","78","Link","setMenuOpen(false)}> Cuenta <Link href=""/admin"" onClick={()","/cuenta","",""
"components/site-header.tsx","84","Link","setMenuOpen(false)}> Panel admin <Link href=""/","/admin","",""
"components/site-header.tsx","90","Link","setMenuOpen(false)}> Solicitar cotizacion ) : null; return (","/cotizacion","",""
"components/site-header.tsx","104","Link","`${brand.name","/","",""
"components/site-header.tsx","113","Link","))} <Link href=""/cuenta"" className=","href","",""
"components/site-header.tsx","120","Link","Cuenta <PhoneCall className=","/cuenta","",""
"components/site-header.tsx","128","Link","Cotizar <Button type=""button"" variant=""outline"" size=""icon""","/cotizacion","",""
"components/store/product-detail-tabs.tsx","72","button","setActive(tab.key)} className={cn( ""shrink-0 border-b-2 px-4 py-3 text-sm font-black transition"", ac","() =>","button",""
"components/store/product-detail-tabs.tsx","136","a",") : ( <Button key= var","download.href","",""
"components/store/store-catalog.tsx","88","select","setSort(event.target.value as SortOption)} className=""h-12 w-full max-w-xs rounded-lg border border-","","",""
"components/store/store-catalog.tsx","107","button","setCategorySlug(""all"")} className= > Todos {categories.map((category) => (","() =>","button",""
"components/store/store-catalog.tsx","111","button","setCategorySlug(category.slug)} className= > ))} <div className=""mt-7 flex fle","() =>","button",""
"components/technical-page-hero.tsx","49","Link",") : null} {secondaryCta ? ( <Button asChild size=""lg"" variant=""outline"" class","primaryCta.href","",""
"components/technical-page-hero.tsx","54","Link",") : null} ) : null} <ScrollReveal delay= className=""","secondaryCta.href","",""
"components/terraqo/company-profile-rail.tsx","21","button","move(-1)} aria-label= `} className=""grid h-10 w-10 place-items-center rounded-full border border-[#d","() =>","button",""
"components/terraqo/company-profile-rail.tsx","22","button","move(1)} aria-label= `} className=""grid h-10 w-10 place-items-center rounded-full border border-[#d6","() =>","button",""
"components/terraqo/conversation-hub.tsx","63","button","Buscar <Link href=""/portal/red"" className=""inline-flex h-11 items-center gap-2 rounded-lg bg-primary","","button",""
"components/terraqo/conversation-hub.tsx","66","Link","Nueva conexion ) : null} <div className=""grid min-h-[690px] overflow-hidden rounded-xl border border","/portal/red","",""
"components/terraqo/conversation-hub.tsx","78","button","))} {data.recipients.length ? (","","button",""
"components/terraqo/conversation-hub.tsx","92","form","<button","startAction","",""
"components/terraqo/conversation-hub.tsx","93","input","recipientUserId","","hidden","recipientUserId"
"components/terraqo/conversation-hub.tsx","94","input","workspaceId","","hidden","workspaceId"
"components/terraqo/conversation-hub.tsx","95","button","{recipient.professional ? ( ) : ( <span classNam","","",""
"components/terraqo/conversation-hub.tsx","107","select","`Proyecto para conversar con ${recipient.name","","","projectId"
"components/terraqo/conversation-hub.tsx","129","Link","<span class","`${basePath","",""
"components/terraqo/conversation-hub.tsx","172","Link",") : ( <input type=""hidden"" name=""conversationId"" value=","`/reuniones/${selected.meetings[0].id","",""
"components/terraqo/conversation-hub.tsx","175","form","","meetingAction","",""
"components/terraqo/conversation-hub.tsx","176","input","conversationId","","hidden","conversationId"
"components/terraqo/conversation-hub.tsx","217","form","<button type=""button"" className=""grid h-12 w-12 shrink-0","replyAction","",""
"components/terraqo/conversation-hub.tsx","218","input","conversationId","","hidden","conversationId"
"components/terraqo/conversation-hub.tsx","220","button","<","","button",""
"components/terraqo/conversation-hub.tsx","222","button","","","button",""
"components/terraqo/conversation-hub.tsx","257","button","Ver todos className=""flex items","","button",""
"components/terraqo/field-verification-panel.tsx","156","select","setProjectId(event.target.value)} className=""h-11 rounded-md border bg-background px-3"" disabled= >","","",""
"components/terraqo/forum-post-composer.tsx","49","form","Pregunta o tema <input name=""title"" className=""h-11 rounded-md border bg-background px-3"" placeholde","","",""
"components/terraqo/forum-post-composer.tsx","51","input","Ej. Como documentan el control de ejes antes del vaciado?","","","title"
"components/terraqo/forum-post-composer.tsx","54","textarea","Explica el problema, lo que ya probaste y el tipo de aporte que necesitas.","","","body"
"components/terraqo/forum-post-composer.tsx","57","input","control de obra, QA/QC, replanteo","","","tags"
"components/terraqo/forum-reply-form.tsx","39","form","Aporta una respuesta <textarea name=""body"" className=""min-h-28 rounded-md border bg-background p-3"" ","","",""
"components/terraqo/forum-reply-form.tsx","41","textarea","Comparte el procedimiento, criterio o recurso que puede ayudar.","","","body"
"components/terraqo/professional-dashboard.tsx","109","Link","Ver perfil Completar perf","`/portal/profesionales/${profile.id","",""
"components/terraqo/professional-dashboard.tsx","109","Link","Completar perfil <div className=""grid h-28 w-28 place-items-center rounded","/portal/documentos","",""
"components/terraqo/professional-dashboard.tsx","132","Link","Ver todas className=""py-4 first","/portal/experiencias","",""
"components/terraqo/professional-dashboard.tsx","153","Link","Ver bitacora : null}","/portal/bitacora","",""
"components/terraqo/professional-dashboard.tsx","161","Link","CV profesional Completa tus postulaciones Subir : null}{!identityComplete ? <Link h","/portal/documentos","",""
"components/terraqo/professional-dashboard.tsx","161","Link","Verificacion de identidad DNI por delante y detras Revisar : null}{hasCv && identit","/portal/documentos","",""
"components/terraqo/professional-dashboard.tsx","163","Link",")} <p className=""font-mono text-xs font-bold uppercase tracking-[0.16e","href","",""
"components/terraqo/professional-dashboard.tsx","172","Link","Abrir configuracion target=""_blank"" className=""mt-4 flex items-center ju","/portal/configuracion","",""
"components/terraqo/professional-dashboard.tsx","175","Link",") : null}","publicCvHref","",""
"components/terraqo/professional-document-preview.tsx","28","button","setOpen(true)} className=""inline-flex h-8 items-center gap-2 rounded-md border bg-background px-3 te","() =>","button",""
"components/terraqo/professional-document-preview.tsx","45","button","setOpen(false)} className=""grid h-10 w-10 shrink-0 place-items-center rounded-md border text-slate-8","() =>","button",""
"components/terraqo/professional-document-preview.tsx","58","a","Descargar archivo protegido ) : canPreview ? ( <object data= ?inline=1`} className=""h-full w-full ro","href","",""
"components/terraqo/professional-document-preview.tsx","69","a","Descargar archivo protegido )} ) : null} ); }","href","",""
"components/terraqo/professional-portal-nav.tsx","20","Link","); })} ); }","item.href","",""
"components/terraqo/public-cv-activity-explorer.tsx","182","Link","Volver al CV vivo <section clas","`/cv/${username","",""
"components/terraqo/public-cv-activity-explorer.tsx","207","button","setActiveFilter(filter.id)} className={`rounded-full border px-4 py-2 text-xs font-black transition ","() =>","button",""
"components/terraqo/public-cv-activity-explorer.tsx","214","input","setQuery(event.target.value)} placeholder=""Buscar por registro, proyecto o habilidad"" className=""h-1","","",""
"components/terraqo/public-cv-activity-explorer.tsx","230","button","selectRecord(record.id)} aria-pressed= className={`group relative grid w-full grid-cols-[38px_1fr_au","() =>","button",""
"components/terraqo/public-cv-activity-explorer.tsx","287","button","<span className={`inline-flex","onCopy","button",""
"components/terraqo/public-cv-activity-explorer.tsx","334","a","Descargar : null} target=""_blank"" rel=""noreferrer"" className=""group relative mt-4 block aspect-[16/1","primaryMedia.downloadHref","",""
"components/terraqo/public-cv-activity-explorer.tsx","336","a","","primaryMedia?.href || image","",""
"components/terraqo/public-cv-activity-explorer.tsx","345","a","Referencia )} : null} {record.skills.length ? <h3 className=""font-mono text-xs font-black uppercase ","url","",""
"components/terraqo/public-cv-project-explorer.tsx","54","button","setCategory(item)} className={category === item ? ""rounded-[9px] bg-[#4374ba] px-4 py-2.5 text-xs fo","() =>","button",""
"components/terraqo/public-cv-project-explorer.tsx","63","input","setQuery(event.target.value)} placeholder=""Buscar proyecto"" className=""min-w-0 flex-1 bg-transparent","","",""
"components/terraqo/public-cv-project-explorer.tsx","65","select","setSort(event.target.value)} className=""h-11 rounded-[9px] border border-white/12 bg-[#07111f] px-3 ","","",""
"components/terraqo/public-cv-project-explorer.tsx","71","button","setView(""grid"")} aria-label=""Ver proyectos en cuadrícula"" aria-pressed= className={view === ""grid"" ?","() =>","button",""
"components/terraqo/public-cv-project-explorer.tsx","72","button","setView(""list"")} aria-label=""Ver proyectos en lista"" aria-pressed= className={view === ""list"" ? ""gri","() =>","button",""
"components/terraqo/public-cv-project-explorer.tsx","87","button","} className=""mt-5 rounded-[9px] border border-[#488ac9]/40 px-5 py-3 text-sm font-black text-[#9fc4f","() =>","button",""
"components/terraqo/public-cv-project-explorer.tsx","87","Link","Solicitar acceso } )} ); } function ProjectResult( : ) { c","`/cuenta?callbackUrl=${encodeURIComponent(`/cv/${username","",""
"components/terraqo/public-cv-project-explorer.tsx","119","a","; return ; }","href","",""
"components/terraqo/public-cv-project-explorer.tsx","120","Link","; }","href","",""
"components/terraqo/public-cv.tsx","536","Link","Volver al CV vivo <p className=""mt-8 font-mono text-xs font-black uppercase tracking-[0.28em] text-[","publicCvPath(username)","",""
"components/terraqo/public-cv.tsx","599","a","","link.url","",""
"components/terraqo/public-cv.tsx","613","Link","Contactar Ver exp","publicCvCallback(username)","",""
"components/terraqo/public-cv.tsx","616","Link","Ver experiencia ); } function PublicCvExperiencePage( : ) { const experiences =","publicCvPath(username, ","",""
"components/terraqo/public-cv.tsx","648","Link","Volver al CV vivo <div","publicCvPath(username)","",""
"components/terraqo/public-cv.tsx","714","Link","Volver al CV vivo","publicCvPath(username)","",""
"components/terraqo/public-cv.tsx","741","Link","Cómo validamos la formación ); } function PublicCvProjectsP","publicCvPath(username, ","",""
"components/terraqo/public-cv.tsx","761","Link","Volver al CV vivo","publicCvPath(username)","",""
"components/terraqo/public-cv.tsx","786","Link","Ver toda la actividad ); } function VerificationPanel({ pro","publicCvPath(username, ","",""
"components/terraqo/public-cv.tsx","831","Link","Ver validaciones ); } function MetricStrip( : { experienceLabel: string; projects: number; valida","publicCvPath(username, ","",""
"components/terraqo/public-cv.tsx","945","Link","Ver detalles ); } function FeaturedProjects( : { projects: ProjectSnapshot[]; profile: PublicCvProfi","publicCvPath(username, `experiencias/${experience.id","",""
"components/terraqo/public-cv.tsx","977","Link","Ver toda la actividad {updates[0] ? ( <div className=""absolute bottom-0 righ","publicCvPath(username, ","",""
"components/terraqo/public-cv.tsx","1089","a","`Ver proyecto ${project.title","href","",""
"components/terraqo/public-cv.tsx","1096","Link","`Ver proyecto ${project.title","href","",""
"components/terraqo/public-cv.tsx","1128","Link","`Ver actividad: ${worklog.title","publicCvPath(username, ","",""
"components/terraqo/public-cv.tsx","1163","Link","); } function PublicCVCTA( : { username: string","extended ? publicCvCallback(username, ","",""
"components/terraqo/public-cv.tsx","1180","Link","Contactar <Link href= prefetch= className=""inline-flex items-center justify-center gap-2 rounded-[8p","publicCvCallback(username)","",""
"components/terraqo/public-cv.tsx","1181","Link","Solicitar acceso al CV completo <Link href= /pdf`} target=""_blank"" className=""inline-flex items-cent","publicCvCallback(username)","",""
"components/terraqo/public-cv.tsx","1182","Link","Descargar PDF ); } function PublicCVFooter( : ) { return ( <footer className=""border-t border-white/","`/api/terraqo/cv/${username","",""
"components/terraqo/public-cv.tsx","1192","Link","Terraqo, inicio","/","",""
"components/terraqo/public-cv.tsx","1209","Link",": null} ); } function CompanyTile( : ) { return ( <div className=""grid min-h-[88px] place-items-cent","href","",""
"components/terraqo/team-composer.tsx","57","form","Workspace setWorkspaceId(event.target.value)} className=""h-11 rounded-md border bg-background px-3"">","","",""
"components/terraqo/team-composer.tsx","59","select","setWorkspaceId(event.target.value)} className=""h-11 rounded-md border bg-background px-3""> )}","","",""
"components/terraqo/team-composer.tsx","64","select","projectId","","","projectId"
"components/terraqo/team-composer.tsx","70","input","Ej. Squad control geometrico Torre Norte","","","name"
"components/terraqo/team-composer.tsx","73","textarea","Describe el reto, el resultado esperado y como pueden complementarse.","","","purpose"
"components/terraqo/team-composer.tsx","81","input","memberUserIds","","checkbox","memberUserIds"
"components/terraqo/terraqo-memberships.tsx","48","Link","Conocer el plan ))} Certificaciones, Academy y servicios complementarios se activaran pro","membership.href","",""
"components/terraqo/terraqo-public-footer.tsx","13","a","Crear una cuenta","`${terraqoDomains.portal","",""
"components/terraqo/terraqo-public-footer.tsx","17","Link","Terraqo, inicio","/","",""
"components/terraqo/terraqo-public-footer.tsx","23","Link","Plataforma Red profesional Ingresar Privacidad T","/#plataforma","",""
"components/terraqo/terraqo-public-footer.tsx","24","Link","Red profesional Ingresar Privacidad Términos","/#red","",""
"components/terraqo/terraqo-public-footer.tsx","25","a","Ingresar Privacidad Términos © 2026 Terr","terraqoDomains.portal","",""
"components/terraqo/terraqo-public-footer.tsx","26","Link","Privacidad Términos © 2026 Terraqo. Todos los derechos reservados.","/privacidad","",""
"components/terraqo/terraqo-public-footer.tsx","27","Link","Términos © 2026 Terraqo. Todos los derechos reservados. Construido para empresas y profesionales que","/terminos","",""
"components/terraqo/terraqo-public-header.tsx","42","Link","Terraqo inicio","/","",""
"components/terraqo/terraqo-public-header.tsx","47","Link",")} Entrar <Link href=","item.href","",""
"components/terraqo/terraqo-public-header.tsx","51","Link","Entrar Solicitar acceso <button type=""button"" className=""tq-menu-button"" ar","/cuenta","",""
"components/terraqo/terraqo-public-header.tsx","52","Link","Solicitar acceso <button type=""button"" className=""tq-menu-button"" aria-label= aria-expanded= aria-co","/#demo","",""
"components/terraqo/terraqo-public-header.tsx","53","button","open ? ","() =>","button",""
"components/terraqo/terraqo-public-header.tsx","62","Link","setOpen(false)}> )} setOpen(false)}>Entrar a Terraqo ) : null}","item.href","",""
"components/terraqo/terraqo-public-header.tsx","63","Link","setOpen(false)}>Entrar a Terraqo ) : null} ); }","/cuenta","",""
"components/terraqo/worklog-card.tsx","40","Link","<d","`/portal/profesionales/${worklog.professionalProfile.id","",""
"components/terraqo/worklog-card.tsx","58","Link",": null} {worklog.project ? <span className=""inline-flex items-center gap-1 rounded-md border px-2.5 ","`/portal/empresas/${worklog.workspace.slug","",""
"components/terraqo/worklog-card.tsx","64","a","Ver evidencia )} : null} {worklog.media.length ? {worklog.","url","",""
"components/terraqo/worklog-card.tsx","67","a","<Image src= `} alt= , evidencia $ `} fill sizes=""(max-width: 768px) 100vw, 680px"" className=""object-","`/api/terraqo/worklog/evidence/${media.id","",""
"components/terraqo/worklog-composer.tsx","91","form","<p clas","","",""
"components/terraqo/worklog-composer.tsx","103","select","workspaceId","","","workspaceId"
"components/terraqo/worklog-composer.tsx","108","select","projectId","","","projectId"
"components/terraqo/worklog-composer.tsx","114","input","Ej. Control de ejes completado en torre B","","","title"
"components/terraqo/worklog-composer.tsx","117","textarea","Describe el trabajo, la decision tecnica y el contexto necesario para entenderlo.","","","summary"
"components/terraqo/worklog-composer.tsx","120","textarea","Ej. Se liberaron los frentes sin observaciones y se entrego el reporte de control.","","","outcome"
"components/terraqo/worklog-composer.tsx","123","select","type","","","type"
"components/terraqo/worklog-composer.tsx","132","select","visibility","","","visibility"
"components/terraqo/worklog-composer.tsx","140","input","Topografia, GNSS, AutoCAD","","","skills"
"components/terraqo/worklog-composer.tsx","147","textarea","https://...","","","evidenceUrls"
"components/terraqo/worklog-composer.tsx","152","input","Hasta 6 fotos en JPG, PNG, WEBP o AVIF. Maximo 8 MB por archivo. {photoPreviews.length ? <div classN","","file",""
"components/terraqo/worklog-composer.tsx","160","button","removePhoto(index)} className=""absolute right-2 top-2 grid h-8 w-8 place-items-center rounded-md bg-","() =>","button",""
"components/terraqo/worklog-engagement.tsx","46","button","send( )} className={`inline-flex h-9 items-center gap-2 rounded-md border px-3 text-xs font-semibold","() =>","button",""
"components/terraqo/worklog-engagement.tsx","50","button","setShowComment((value) => !value)} className=""ml-auto inline-flex h-9 items-center gap-2 rounded-md ","() =>","button",""
"components/terraqo/worklog-engagement.tsx","56","form","<button disabled= classN","","",""
"components/terraqo/worklog-engagement.tsx","57","input","Aporta una observacion tecnica","","","body"
"components/terraqo/worklog-engagement.tsx","58","button","Enviar ) : null} ); }","","",""
"components/terraqo/worklog-validation-control.tsx","59","select","setValidatorUserId(event.target.value)} className=""h-10 min-w-0 rounded-md border bg-white px-3 text","","",""
"components/ui/input.tsx","7","input",")); Input.displayName = ""Input""; export ;","","type",""
"components/ui/textarea.tsx","7","textarea",")); Textarea.displayName = ""Textarea""; export ;","","",""
